RedirectMatch 301 "^(.*)/2013/05/17/11-digit-7-segment-display$" "$1/11-digit-7-segment-display.html"
RedirectMatch 301 "^(.*)/2013/11/09/1569$" "$1/1569.html"
RedirectMatch 301 "^(.*)/2013/02/26/2013-annual-open-house$" "$1/2013-annual-open-house.html"
RedirectMatch 301 "^(.*)/2012/10/03/3d-humans-2$" "$1/3d-humans-2.html"
RedirectMatch 301 "^(.*)/2012/10/03/3d-humans$" "$1/3d-humans.html"
RedirectMatch 301 "^(.*)/2012/06/05/3d-insulin-model-printing$" "$1/3d-insulin-model-printing.html"
RedirectMatch 301 "^(.*)/2013/04/06/3d-printed-handlestand-for-ipad$" "$1/3d-printed-handlestand-for-ipad.html"
RedirectMatch 301 "^(.*)/2014/10/08/501c3$" "$1/501c3.html"
RedirectMatch 301 "^(.*)/2012/09/26/a-computer-controllable-pixel$" "$1/a-computer-controllable-pixel.html"
RedirectMatch 301 "^(.*)/2013/01/25/addressable-led-strands$" "$1/addressable-led-strands.html"
RedirectMatch 301 "^(.*)/2012/10/17/amiga-1000-repair-2$" "$1/amiga-1000-repair-2.html"
RedirectMatch 301 "^(.*)/2012/10/17/amiga-1000-repair$" "$1/amiga-1000-repair.html"
RedirectMatch 301 "^(.*)/2013/03/06/anamatronic-avian-skeleton-experiments-2$" "$1/anamatronic-avian-skeleton-experiments-2.html"
RedirectMatch 301 "^(.*)/2013/03/06/anamatronic-avian-skeleton-experiments$" "$1/anamatronic-avian-skeleton-experiments.html"
RedirectMatch 301 "^(.*)/2011/09/07/android-hacking$" "$1/android-hacking.html"
RedirectMatch 301 "^(.*)/2012/03/11/and-what-very-exciting-about-this-study-is-the-follow-up-in$" "$1/and-what-very-exciting-about-this-study-is-the-follow-up-in.html"
RedirectMatch 301 "^(.*)/2010/10/07/an-introduction-to-electronics$" "$1/an-introduction-to-electronics.html"
RedirectMatch 301 "^(.*)/2010/12/16/anniversary-achievement-unlocked$" "$1/anniversary-achievement-unlocked.html"
RedirectMatch 301 "^(.*)/2014/12/08/announcing-our-new-board-of-directors$" "$1/announcing-our-new-board-of-directors.html"
RedirectMatch 301 "^(.*)/2010/07/01/antenna-make-night$" "$1/antenna-make-night.html"
RedirectMatch 301 "^(.*)/2010/08/13/arduino-class$" "$1/arduino-class.html"
RedirectMatch 301 "^(.*)/2015/03/28/arduino-day-2015-pics-2$" "$1/arduino-day-2015-pics-2.html"
RedirectMatch 301 "^(.*)/2015/03/26/arduino-day-2015-schedule$" "$1/arduino-day-2015-schedule.html"
RedirectMatch 301 "^(.*)/2015/03/14/arduino-day-intro-2015$" "$1/arduino-day-intro-2015.html"
RedirectMatch 301 "^(.*)/2016/03/21/arduino-day-schedule$" "$1/arduino-day-schedule.html"
RedirectMatch 301 "^(.*)/2015/05/20/awesomeshelves$" "$1/awesomeshelves.html"
RedirectMatch 301 "^(.*)/2010/10/22/barcamp-rochester-2010$" "$1/barcamp-rochester-2010.html"
RedirectMatch 301 "^(.*)/2011/10/30/barcamp-rochester$" "$1/barcamp-rochester.html"
RedirectMatch 301 "^(.*)/2015/03/02/beaglebone-black-pmic-for-battery-backup$" "$1/beaglebone-black-pmic-for-battery-backup.html"
RedirectMatch 301 "^(.*)/2014/09/23/blitzortung-crowd-sourced-global-lightning-detection$" "$1/blitzortung-crowd-sourced-global-lightning-detection.html"
RedirectMatch 301 "^(.*)/2014/01/30/bl-jamma-testrig$" "$1/bl-jamma-testrig.html"
RedirectMatch 301 "^(.*)/2012/05/07/bsidesroc-free-hacker-con-for-security-nerds$" "$1/bsidesroc-free-hacker-con-for-security-nerds.html"
RedirectMatch 301 "^(.*)/2012/10/16/building-the-bl-328-computer-part-1-introduction-and-cpu$" "$1/building-the-bl-328-computer-part-1-introduction-and-cpu.html"
RedirectMatch 301 "^(.*)/2012/01/24/building-with-acrylic-2$" "$1/building-with-acrylic-2.html"
RedirectMatch 301 "^(.*)/2012/01/24/building-with-acrylic$" "$1/building-with-acrylic.html"
RedirectMatch 301 "^(.*)/2013/08/02/can-3d-printing-and-computer-aided-design-be-of-value-in-the-contemporary-urban-elementary-school-curriculum-2$" "$1/can-3d-printing-and-computer-aided-design-be-of-value-in-the-contemporary-urban-elementary-school-curriculum-2.html"
RedirectMatch 301 "^(.*)/2011/12/13/chatting-with-spain$" "$1/chatting-with-spain.html"
RedirectMatch 301 "^(.*)/2015/09/17/clocks$" "$1/clocks.html"
RedirectMatch 301 "^(.*)/2014/07/01/congresswoman-louise-slaughter-visits-the-space$" "$1/congresswoman-louise-slaughter-visits-the-space.html"
RedirectMatch 301 "^(.*)/2011/12/01/dashing-through-the-thermoplastic-2$" "$1/dashing-through-the-thermoplastic-2.html"
RedirectMatch 301 "^(.*)/2011/09/28/docubot-hands-free-camera$" "$1/docubot-hands-free-camera.html"
RedirectMatch 301 "^(.*)/2011/03/18/donations-to-japan-needed$" "$1/donations-to-japan-needed.html"
RedirectMatch 301 "^(.*)/2013/12/03/earring-displaystorage$" "$1/earring-displaystorage.html"
RedirectMatch 301 "^(.*)/2014/12/21/electronic-drum-set-2$" "$1/electronic-drum-set-2.html"
RedirectMatch 301 "^(.*)/2010/10/17/electronics-class-recap$" "$1/electronics-class-recap.html"
RedirectMatch 301 "^(.*)/2012/11/30/electronic-timer-repair$" "$1/electronic-timer-repair.html"
RedirectMatch 301 "^(.*)/2012/11/07/eproms-and-failure$" "$1/eproms-and-failure.html"
RedirectMatch 301 "^(.*)/2012/11/14/eproms-and-success-2$" "$1/eproms-and-success-2.html"
RedirectMatch 301 "^(.*)/2012/11/14/eproms-and-success$" "$1/eproms-and-success.html"
RedirectMatch 301 "^(.*)/2012/03/08/familab-visit$" "$1/familab-visit.html"
RedirectMatch 301 "^(.*)/2013/07/23/family-friday-at-rmsc$" "$1/family-friday-at-rmsc.html"
RedirectMatch 301 "^(.*)/2014/05/09/filament-nudger-for-3doodler$" "$1/filament-nudger-for-3doodler.html"
RedirectMatch 301 "^(.*)/2010/04/01/first-friday-barcamp-this-weekend$" "$1/first-friday-barcamp-this-weekend.html"
RedirectMatch 301 "^(.*)/2009/12/10/first-meeting-with-a-home$" "$1/first-meeting-with-a-home.html"
RedirectMatch 301 "^(.*)/2012/02/01/fixing-a-macbook-pro$" "$1/fixing-a-macbook-pro.html"
RedirectMatch 301 "^(.*)/2015/04/08/fixing-a-tablet$" "$1/fixing-a-tablet.html"
RedirectMatch 301 "^(.*)/2014/11/05/flat-panel-light-box$" "$1/flat-panel-light-box.html"
RedirectMatch 301 "^(.*)/2015/08/10/flock-to-fedora-is-this-week$" "$1/flock-to-fedora-is-this-week.html"
RedirectMatch 301 "^(.*)/2011/08/15/from-hermit-to-ham-my-new-antenna$" "$1/from-hermit-to-ham-my-new-antenna.html"
RedirectMatch 301 "^(.*)/2016/05/03/gpg-stuff$" "$1/gpg-stuff.html"
RedirectMatch 301 "^(.*)/2013/04/21/hackers-are-not-the-bad-guys-confessions-of-an-inventaholic$" "$1/hackers-are-not-the-bad-guys-confessions-of-an-inventaholic.html"
RedirectMatch 301 "^(.*)/2013/11/12/hackerspace-garage-sale-lightning-talks-saturday-1116$" "$1/hackerspace-garage-sale-lightning-talks-saturday-1116.html"
RedirectMatch 301 "^(.*)/2014/01/13/hackerspace-in-review-4-year-anniversary$" "$1/hackerspace-in-review-4-year-anniversary.html"
RedirectMatch 301 "^(.*)/2016/02/22/hacking-a-controller-back-into-an-arduino-mega-1280$" "$1/hacking-a-controller-back-into-an-arduino-mega-1280.html"
RedirectMatch 301 "^(.*)/2012/02/02/hackshackers-rochester$" "$1/hackshackers-rochester.html"
RedirectMatch 301 "^(.*)/2010/11/10/ham-club-station$" "$1/ham-club-station.html"
RedirectMatch 301 "^(.*)/2009/12/02/hello-world-2$" "$1/hello-world-2.html"
RedirectMatch 301 "^(.*)/2015/10/01/how-do-i-burp-suite-web-proxy$" "$1/how-do-i-burp-suite-web-proxy.html"
RedirectMatch 301 "^(.*)/2016/06/09/how-do-i-encryption$" "$1/how-do-i-encryption.html"
RedirectMatch 301 "^(.*)/2015/09/17/how-do-i-get-started-with-arduino$" "$1/how-do-i-get-started-with-arduino.html"
RedirectMatch 301 "^(.*)/2016/02/09/how-do-i-program-in-cuda$" "$1/how-do-i-program-in-cuda.html"
RedirectMatch 301 "^(.*)/2015/11/18/how-do-i-software-defined-radio-workshop$" "$1/how-do-i-software-defined-radio-workshop.html"
RedirectMatch 301 "^(.*)/2014/03/10/how-to-3d-print-a-handle-and-trigger-for-the-3doodler-and-to-make-it-look-like-a-phaser$" "$1/how-to-3d-print-a-handle-and-trigger-for-the-3doodler-and-to-make-it-look-like-a-phaser.html"
RedirectMatch 301 "^(.*)/2012/12/17/i-now-pronounce-you-hacker-and-wife$" "$1/i-now-pronounce-you-hacker-and-wife.html"
RedirectMatch 301 "^(.*)/2015/01/07/interlock-goes-to-iceland-to-meet-hakkavelin$" "$1/interlock-goes-to-iceland-to-meet-hakkavelin.html"
RedirectMatch 301 "^(.*)/2011/09/21/interlock-heads-to-maker-faire$" "$1/interlock-heads-to-maker-faire.html"
RedirectMatch 301 "^(.*)/2010/05/14/interlock-lightning-talks-at-coworking-rochester-success$" "$1/interlock-lightning-talks-at-coworking-rochester-success.html"
RedirectMatch 301 "^(.*)/2011/12/06/interlock-reprapchester$" "$1/interlock-reprapchester.html"
RedirectMatch 301 "^(.*)/2014/10/19/interlock-roc-brewing-takeover$" "$1/interlock-roc-brewing-takeover.html"
RedirectMatch 301 "^(.*)/2014/11/08/interlock-rochester-welcomes-girl-develop-it$" "$1/interlock-rochester-welcomes-girl-develop-it.html"
RedirectMatch 301 "^(.*)/2010/05/10/interlock-story-from-ithaca-college$" "$1/interlock-story-from-ithaca-college.html"
RedirectMatch 301 "^(.*)/2009/12/16/interlock-visits-familab$" "$1/interlock-visits-familab.html"
RedirectMatch 301 "^(.*)/2011/01/10/interlock-visits-laser-cuttery$" "$1/interlock-visits-laser-cuttery.html"
RedirectMatch 301 "^(.*)/2015/05/22/interlock-wireless-upgrades$" "$1/interlock-wireless-upgrades.html"
RedirectMatch 301 "^(.*)/2012/07/03/intro-to-3d-printing$" "$1/intro-to-3d-printing.html"
RedirectMatch 301 "^(.*)/2011/03/05/its-time-for-hacking-part-i$" "$1/its-time-for-hacking-part-i.html"
RedirectMatch 301 "^(.*)/2014/04/19/jamma-video-game-test-rig-box$" "$1/jamma-video-game-test-rig-box.html"
RedirectMatch 301 "^(.*)/2013/10/16/jtagulator$" "$1/jtagulator.html"
RedirectMatch 301 "^(.*)/2011/11/27/k2hax-is-on-the-air$" "$1/k2hax-is-on-the-air.html"
RedirectMatch 301 "^(.*)/2014/12/15/keeping-it-together-with-trello$" "$1/keeping-it-together-with-trello.html"
RedirectMatch 301 "^(.*)/2014/09/26/knitting-at-interlock$" "$1/knitting-at-interlock.html"
RedirectMatch 301 "^(.*)/2013/02/02/lighting-interface-for-my-tron-arcade-machine$" "$1/lighting-interface-for-my-tron-arcade-machine.html"
RedirectMatch 301 "^(.*)/2010/03/10/lightning-and-smarts$" "$1/lightning-and-smarts.html"
RedirectMatch 301 "^(.*)/2010/01/13/lightning-talks-at-rochester-hackerspace$" "$1/lightning-talks-at-rochester-hackerspace.html"
RedirectMatch 301 "^(.*)/2010/03/08/lightning-talks-this-week$" "$1/lightning-talks-this-week.html"
RedirectMatch 301 "^(.*)/2010/01/17/linux-workshop-a-hit$" "$1/linux-workshop-a-hit.html"
RedirectMatch 301 "^(.*)/2012/02/16/linux-workshop$" "$1/linux-workshop.html"
RedirectMatch 301 "^(.*)/2010/03/18/linux-workshop-this-weekend$" "$1/linux-workshop-this-weekend.html"
RedirectMatch 301 "^(.*)/2013/02/07/macgyvrbot-introduction$" "$1/macgyvrbot-introduction.html"
RedirectMatch 301 "^(.*)/2011/08/27/machinable-wax-take-1$" "$1/machinable-wax-take-1.html"
RedirectMatch 301 "^(.*)/2011/12/21/near-field-communication-primer$" "$1/near-field-communication-primer.html"
RedirectMatch 301 "^(.*)/2016/02/14/new-dues-payment-option-bitcoin$" "$1/new-dues-payment-option-bitcoin.html"
RedirectMatch 301 "^(.*)/2012/04/19/new-lockpicking-club-rochester-toool$" "$1/new-lockpicking-club-rochester-toool.html"
RedirectMatch 301 "^(.*)/2011/11/22/new-space$" "$1/new-space.html"
RedirectMatch 301 "^(.*)/2013/02/09/new-spaces-galore$" "$1/new-spaces-galore.html"
RedirectMatch 301 "^(.*)/2009/12/27/new-years-at-interlock$" "$1/new-years-at-interlock.html"
RedirectMatch 301 "^(.*)/2010/11/08/november-lightning-talks$" "$1/november-lightning-talks.html"
RedirectMatch 301 "^(.*)/2012/03/15/open-house-new-space$" "$1/open-house-new-space.html"
RedirectMatch 301 "^(.*)/2010/04/17/open-mate-beta-2$" "$1/open-mate-beta-2.html"
RedirectMatch 301 "^(.*)/2012/02/24/pencil-plotting$" "$1/pencil-plotting.html"
RedirectMatch 301 "^(.*)/2015/03/28/pirate-box-aaarrr$" "$1/pirate-box-aaarrr.html"
RedirectMatch 301 "^(.*)/2011/09/13/plottopotamus-2$" "$1/plottopotamus-2.html"
RedirectMatch 301 "^(.*)/2011/09/13/plottopotamus$" "$1/plottopotamus.html"
RedirectMatch 301 "^(.*)/2012/03/21/quick-open-house-recap$" "$1/quick-open-house-recap.html"
RedirectMatch 301 "^(.*)/2016/09/20/raspberry-pi-backup-server$" "$1/raspberry-pi-backup-server.html"
RedirectMatch 301 "^(.*)/2014/06/24/raspberry-pi-ip-audio-announcement-ippivox$" "$1/raspberry-pi-ip-audio-announcement-ippivox.html"
RedirectMatch 301 "^(.*)/2012/12/06/raspberry-pi-macgyver$" "$1/raspberry-pi-macgyver.html"
RedirectMatch 301 "^(.*)/2012/11/26/raspberry-pi-workshop-with-rob-bishop$" "$1/raspberry-pi-workshop-with-rob-bishop.html"
RedirectMatch 301 "^(.*)/2012/01/22/recycled-paper-origami$" "$1/recycled-paper-origami.html"
RedirectMatch 301 "^(.*)/2010/12/28/regional-computer-recycling-recovery-tour$" "$1/regional-computer-recycling-recovery-tour.html"
RedirectMatch 301 "^(.*)/2012/07/20/remote-control-hacking$" "$1/remote-control-hacking.html"
RedirectMatch 301 "^(.*)/2013/01/16/repairing-an-arcade-monitor$" "$1/repairing-an-arcade-monitor.html"
RedirectMatch 301 "^(.*)/2014/02/12/repairing-the-audio-on-a-pac-man-arcade-board$" "$1/repairing-the-audio-on-a-pac-man-arcade-board.html"
RedirectMatch 301 "^(.*)/2010/11/01/rochester-2600-lock-pick-village$" "$1/rochester-2600-lock-pick-village.html"
RedirectMatch 301 "^(.*)/2016/11/19/rochester-mini-maker-faire-2016-recap$" "$1/rochester-mini-maker-faire-2016-recap.html"
RedirectMatch 301 "^(.*)/2010/10/16/rochester-security-summit-2010$" "$1/rochester-security-summit-2010.html"
RedirectMatch 301 "^(.*)/2012/12/18/scotts-project-smorgasbord-1$" "$1/scotts-project-smorgasbord-1.html"
RedirectMatch 301 "^(.*)/2014/11/17/see-you-at-mini-maker-faire-rochester$" "$1/see-you-at-mini-maker-faire-rochester.html"
RedirectMatch 301 "^(.*)/2015/02/17/software-defined-radio-workshops$" "$1/software-defined-radio-workshops.html"
RedirectMatch 301 "^(.*)/2011/08/24/squishy-circuits-2$" "$1/squishy-circuits-2.html"
RedirectMatch 301 "^(.*)/2011/08/24/squishy-circuits$" "$1/squishy-circuits.html"
RedirectMatch 301 "^(.*)/2012/11/23/ssh-port-forwarding-2$" "$1/ssh-port-forwarding-2.html"
RedirectMatch 301 "^(.*)/2012/11/23/ssh-port-forwarding$" "$1/ssh-port-forwarding.html"
RedirectMatch 301 "^(.*)/2013/12/03/tape-painting$" "$1/tape-painting.html"
RedirectMatch 301 "^(.*)/2012/08/13/that-said-ill-be-there-9pm-bbc1$" "$1/that-said-ill-be-there-9pm-bbc1.html"
RedirectMatch 301 "^(.*)/2013/12/21/the-best-chocolate-chip-cookies-ever$" "$1/the-best-chocolate-chip-cookies-ever.html"
RedirectMatch 301 "^(.*)/2013/11/02/the-braaain-1-0$" "$1/the-braaain-1-0.html"
RedirectMatch 301 "^(.*)/2011/02/14/the-return-of-the-lightning-talk$" "$1/the-return-of-the-lightning-talk.html"
RedirectMatch 301 "^(.*)/2015/03/25/tidied-up-a-bit$" "$1/tidied-up-a-bit.html"
RedirectMatch 301 "^(.*)/2012/05/16/twistypuzzle-2$" "$1/twistypuzzle-2.html"
RedirectMatch 301 "^(.*)/2012/05/16/twistypuzzle$" "$1/twistypuzzle.html"
RedirectMatch 301 "^(.*)/2014/01/12/unexpected-googling-win$" "$1/unexpected-googling-win.html"
RedirectMatch 301 "^(.*)/2013/03/04/using-an-arduino-as-a-programmer-host$" "$1/using-an-arduino-as-a-programmer-host.html"
RedirectMatch 301 "^(.*)/2012/12/07/vacuform_1$" "$1/vacuform_1.html"
RedirectMatch 301 "^(.*)/2012/03/28/ynn-meet-interlock$" "$1/ynn-meet-interlock.html"
RedirectMatch 301 "^(.*)/2013/05/17/11-digit-7-segment-display/$" "$1/11-digit-7-segment-display.html"
RedirectMatch 301 "^(.*)/2013/11/09/1569/$" "$1/1569.html"
RedirectMatch 301 "^(.*)/2013/02/26/2013-annual-open-house/$" "$1/2013-annual-open-house.html"
RedirectMatch 301 "^(.*)/2012/10/03/3d-humans-2/$" "$1/3d-humans-2.html"
RedirectMatch 301 "^(.*)/2012/10/03/3d-humans/$" "$1/3d-humans.html"
RedirectMatch 301 "^(.*)/2012/06/05/3d-insulin-model-printing/$" "$1/3d-insulin-model-printing.html"
RedirectMatch 301 "^(.*)/2013/04/06/3d-printed-handlestand-for-ipad/$" "$1/3d-printed-handlestand-for-ipad.html"
RedirectMatch 301 "^(.*)/2014/10/08/501c3/$" "$1/501c3.html"
RedirectMatch 301 "^(.*)/2012/09/26/a-computer-controllable-pixel/$" "$1/a-computer-controllable-pixel.html"
RedirectMatch 301 "^(.*)/2013/01/25/addressable-led-strands/$" "$1/addressable-led-strands.html"
RedirectMatch 301 "^(.*)/2012/10/17/amiga-1000-repair-2/$" "$1/amiga-1000-repair-2.html"
RedirectMatch 301 "^(.*)/2012/10/17/amiga-1000-repair/$" "$1/amiga-1000-repair.html"
RedirectMatch 301 "^(.*)/2013/03/06/anamatronic-avian-skeleton-experiments-2/$" "$1/anamatronic-avian-skeleton-experiments-2.html"
RedirectMatch 301 "^(.*)/2013/03/06/anamatronic-avian-skeleton-experiments/$" "$1/anamatronic-avian-skeleton-experiments.html"
RedirectMatch 301 "^(.*)/2011/09/07/android-hacking/$" "$1/android-hacking.html"
RedirectMatch 301 "^(.*)/2012/03/11/and-what-very-exciting-about-this-study-is-the-follow-up-in/$" "$1/and-what-very-exciting-about-this-study-is-the-follow-up-in.html"
RedirectMatch 301 "^(.*)/2010/10/07/an-introduction-to-electronics/$" "$1/an-introduction-to-electronics.html"
RedirectMatch 301 "^(.*)/2010/12/16/anniversary-achievement-unlocked/$" "$1/anniversary-achievement-unlocked.html"
RedirectMatch 301 "^(.*)/2014/12/08/announcing-our-new-board-of-directors/$" "$1/announcing-our-new-board-of-directors.html"
RedirectMatch 301 "^(.*)/2010/07/01/antenna-make-night/$" "$1/antenna-make-night.html"
RedirectMatch 301 "^(.*)/2010/08/13/arduino-class/$" "$1/arduino-class.html"
RedirectMatch 301 "^(.*)/2015/03/28/arduino-day-2015-pics-2/$" "$1/arduino-day-2015-pics-2.html"
RedirectMatch 301 "^(.*)/2015/03/26/arduino-day-2015-schedule/$" "$1/arduino-day-2015-schedule.html"
RedirectMatch 301 "^(.*)/2015/03/14/arduino-day-intro-2015/$" "$1/arduino-day-intro-2015.html"
RedirectMatch 301 "^(.*)/2016/03/21/arduino-day-schedule/$" "$1/arduino-day-schedule.html"
RedirectMatch 301 "^(.*)/2015/05/20/awesomeshelves/$" "$1/awesomeshelves.html"
RedirectMatch 301 "^(.*)/2010/10/22/barcamp-rochester-2010/$" "$1/barcamp-rochester-2010.html"
RedirectMatch 301 "^(.*)/2011/10/30/barcamp-rochester/$" "$1/barcamp-rochester.html"
RedirectMatch 301 "^(.*)/2015/03/02/beaglebone-black-pmic-for-battery-backup/$" "$1/beaglebone-black-pmic-for-battery-backup.html"
RedirectMatch 301 "^(.*)/2014/09/23/blitzortung-crowd-sourced-global-lightning-detection/$" "$1/blitzortung-crowd-sourced-global-lightning-detection.html"
RedirectMatch 301 "^(.*)/2014/01/30/bl-jamma-testrig/$" "$1/bl-jamma-testrig.html"
RedirectMatch 301 "^(.*)/2012/05/07/bsidesroc-free-hacker-con-for-security-nerds/$" "$1/bsidesroc-free-hacker-con-for-security-nerds.html"
RedirectMatch 301 "^(.*)/2012/10/16/building-the-bl-328-computer-part-1-introduction-and-cpu/$" "$1/building-the-bl-328-computer-part-1-introduction-and-cpu.html"
RedirectMatch 301 "^(.*)/2012/01/24/building-with-acrylic-2/$" "$1/building-with-acrylic-2.html"
RedirectMatch 301 "^(.*)/2012/01/24/building-with-acrylic/$" "$1/building-with-acrylic.html"
RedirectMatch 301 "^(.*)/2013/08/02/can-3d-printing-and-computer-aided-design-be-of-value-in-the-contemporary-urban-elementary-school-curriculum-2/$" "$1/can-3d-printing-and-computer-aided-design-be-of-value-in-the-contemporary-urban-elementary-school-curriculum-2.html"
RedirectMatch 301 "^(.*)/2011/12/13/chatting-with-spain/$" "$1/chatting-with-spain.html"
RedirectMatch 301 "^(.*)/2015/09/17/clocks/$" "$1/clocks.html"
RedirectMatch 301 "^(.*)/2014/07/01/congresswoman-louise-slaughter-visits-the-space/$" "$1/congresswoman-louise-slaughter-visits-the-space.html"
RedirectMatch 301 "^(.*)/2011/12/01/dashing-through-the-thermoplastic-2/$" "$1/dashing-through-the-thermoplastic-2.html"
RedirectMatch 301 "^(.*)/2011/09/28/docubot-hands-free-camera/$" "$1/docubot-hands-free-camera.html"
RedirectMatch 301 "^(.*)/2011/03/18/donations-to-japan-needed/$" "$1/donations-to-japan-needed.html"
RedirectMatch 301 "^(.*)/2013/12/03/earring-displaystorage/$" "$1/earring-displaystorage.html"
RedirectMatch 301 "^(.*)/2014/12/21/electronic-drum-set-2/$" "$1/electronic-drum-set-2.html"
RedirectMatch 301 "^(.*)/2010/10/17/electronics-class-recap/$" "$1/electronics-class-recap.html"
RedirectMatch 301 "^(.*)/2012/11/30/electronic-timer-repair/$" "$1/electronic-timer-repair.html"
RedirectMatch 301 "^(.*)/2012/11/07/eproms-and-failure/$" "$1/eproms-and-failure.html"
RedirectMatch 301 "^(.*)/2012/11/14/eproms-and-success-2/$" "$1/eproms-and-success-2.html"
RedirectMatch 301 "^(.*)/2012/11/14/eproms-and-success/$" "$1/eproms-and-success.html"
RedirectMatch 301 "^(.*)/2012/03/08/familab-visit/$" "$1/familab-visit.html"
RedirectMatch 301 "^(.*)/2013/07/23/family-friday-at-rmsc/$" "$1/family-friday-at-rmsc.html"
RedirectMatch 301 "^(.*)/2014/05/09/filament-nudger-for-3doodler/$" "$1/filament-nudger-for-3doodler.html"
RedirectMatch 301 "^(.*)/2010/04/01/first-friday-barcamp-this-weekend/$" "$1/first-friday-barcamp-this-weekend.html"
RedirectMatch 301 "^(.*)/2009/12/10/first-meeting-with-a-home/$" "$1/first-meeting-with-a-home.html"
RedirectMatch 301 "^(.*)/2012/02/01/fixing-a-macbook-pro/$" "$1/fixing-a-macbook-pro.html"
RedirectMatch 301 "^(.*)/2015/04/08/fixing-a-tablet/$" "$1/fixing-a-tablet.html"
RedirectMatch 301 "^(.*)/2014/11/05/flat-panel-light-box/$" "$1/flat-panel-light-box.html"
RedirectMatch 301 "^(.*)/2015/08/10/flock-to-fedora-is-this-week/$" "$1/flock-to-fedora-is-this-week.html"
RedirectMatch 301 "^(.*)/2011/08/15/from-hermit-to-ham-my-new-antenna/$" "$1/from-hermit-to-ham-my-new-antenna.html"
RedirectMatch 301 "^(.*)/2016/05/03/gpg-stuff/$" "$1/gpg-stuff.html"
RedirectMatch 301 "^(.*)/2013/04/21/hackers-are-not-the-bad-guys-confessions-of-an-inventaholic/$" "$1/hackers-are-not-the-bad-guys-confessions-of-an-inventaholic.html"
RedirectMatch 301 "^(.*)/2013/11/12/hackerspace-garage-sale-lightning-talks-saturday-1116/$" "$1/hackerspace-garage-sale-lightning-talks-saturday-1116.html"
RedirectMatch 301 "^(.*)/2014/01/13/hackerspace-in-review-4-year-anniversary/$" "$1/hackerspace-in-review-4-year-anniversary.html"
RedirectMatch 301 "^(.*)/2016/02/22/hacking-a-controller-back-into-an-arduino-mega-1280/$" "$1/hacking-a-controller-back-into-an-arduino-mega-1280.html"
RedirectMatch 301 "^(.*)/2012/02/02/hackshackers-rochester/$" "$1/hackshackers-rochester.html"
RedirectMatch 301 "^(.*)/2010/11/10/ham-club-station/$" "$1/ham-club-station.html"
RedirectMatch 301 "^(.*)/2009/12/02/hello-world-2/$" "$1/hello-world-2.html"
RedirectMatch 301 "^(.*)/2015/10/01/how-do-i-burp-suite-web-proxy/$" "$1/how-do-i-burp-suite-web-proxy.html"
RedirectMatch 301 "^(.*)/2016/06/09/how-do-i-encryption/$" "$1/how-do-i-encryption.html"
RedirectMatch 301 "^(.*)/2015/09/17/how-do-i-get-started-with-arduino/$" "$1/how-do-i-get-started-with-arduino.html"
RedirectMatch 301 "^(.*)/2016/02/09/how-do-i-program-in-cuda/$" "$1/how-do-i-program-in-cuda.html"
RedirectMatch 301 "^(.*)/2015/11/18/how-do-i-software-defined-radio-workshop/$" "$1/how-do-i-software-defined-radio-workshop.html"
RedirectMatch 301 "^(.*)/2014/03/10/how-to-3d-print-a-handle-and-trigger-for-the-3doodler-and-to-make-it-look-like-a-phaser/$" "$1/how-to-3d-print-a-handle-and-trigger-for-the-3doodler-and-to-make-it-look-like-a-phaser.html"
RedirectMatch 301 "^(.*)/2012/12/17/i-now-pronounce-you-hacker-and-wife/$" "$1/i-now-pronounce-you-hacker-and-wife.html"
RedirectMatch 301 "^(.*)/2015/01/07/interlock-goes-to-iceland-to-meet-hakkavelin/$" "$1/interlock-goes-to-iceland-to-meet-hakkavelin.html"
RedirectMatch 301 "^(.*)/2011/09/21/interlock-heads-to-maker-faire/$" "$1/interlock-heads-to-maker-faire.html"
RedirectMatch 301 "^(.*)/2010/05/14/interlock-lightning-talks-at-coworking-rochester-success/$" "$1/interlock-lightning-talks-at-coworking-rochester-success.html"
RedirectMatch 301 "^(.*)/2011/12/06/interlock-reprapchester/$" "$1/interlock-reprapchester.html"
RedirectMatch 301 "^(.*)/2014/10/19/interlock-roc-brewing-takeover/$" "$1/interlock-roc-brewing-takeover.html"
RedirectMatch 301 "^(.*)/2014/11/08/interlock-rochester-welcomes-girl-develop-it/$" "$1/interlock-rochester-welcomes-girl-develop-it.html"
RedirectMatch 301 "^(.*)/2010/05/10/interlock-story-from-ithaca-college/$" "$1/interlock-story-from-ithaca-college.html"
RedirectMatch 301 "^(.*)/2009/12/16/interlock-visits-familab/$" "$1/interlock-visits-familab.html"
RedirectMatch 301 "^(.*)/2011/01/10/interlock-visits-laser-cuttery/$" "$1/interlock-visits-laser-cuttery.html"
RedirectMatch 301 "^(.*)/2015/05/22/interlock-wireless-upgrades/$" "$1/interlock-wireless-upgrades.html"
RedirectMatch 301 "^(.*)/2012/07/03/intro-to-3d-printing/$" "$1/intro-to-3d-printing.html"
RedirectMatch 301 "^(.*)/2011/03/05/its-time-for-hacking-part-i/$" "$1/its-time-for-hacking-part-i.html"
RedirectMatch 301 "^(.*)/2014/04/19/jamma-video-game-test-rig-box/$" "$1/jamma-video-game-test-rig-box.html"
RedirectMatch 301 "^(.*)/2013/10/16/jtagulator/$" "$1/jtagulator.html"
RedirectMatch 301 "^(.*)/2011/11/27/k2hax-is-on-the-air/$" "$1/k2hax-is-on-the-air.html"
RedirectMatch 301 "^(.*)/2014/12/15/keeping-it-together-with-trello/$" "$1/keeping-it-together-with-trello.html"
RedirectMatch 301 "^(.*)/2014/09/26/knitting-at-interlock/$" "$1/knitting-at-interlock.html"
RedirectMatch 301 "^(.*)/2013/02/02/lighting-interface-for-my-tron-arcade-machine/$" "$1/lighting-interface-for-my-tron-arcade-machine.html"
RedirectMatch 301 "^(.*)/2010/03/10/lightning-and-smarts/$" "$1/lightning-and-smarts.html"
RedirectMatch 301 "^(.*)/2010/01/13/lightning-talks-at-rochester-hackerspace/$" "$1/lightning-talks-at-rochester-hackerspace.html"
RedirectMatch 301 "^(.*)/2010/03/08/lightning-talks-this-week/$" "$1/lightning-talks-this-week.html"
RedirectMatch 301 "^(.*)/2010/01/17/linux-workshop-a-hit/$" "$1/linux-workshop-a-hit.html"
RedirectMatch 301 "^(.*)/2012/02/16/linux-workshop/$" "$1/linux-workshop.html"
RedirectMatch 301 "^(.*)/2010/03/18/linux-workshop-this-weekend/$" "$1/linux-workshop-this-weekend.html"
RedirectMatch 301 "^(.*)/2013/02/07/macgyvrbot-introduction/$" "$1/macgyvrbot-introduction.html"
RedirectMatch 301 "^(.*)/2011/08/27/machinable-wax-take-1/$" "$1/machinable-wax-take-1.html"
RedirectMatch 301 "^(.*)/2011/12/21/near-field-communication-primer/$" "$1/near-field-communication-primer.html"
RedirectMatch 301 "^(.*)/2016/02/14/new-dues-payment-option-bitcoin/$" "$1/new-dues-payment-option-bitcoin.html"
RedirectMatch 301 "^(.*)/2012/04/19/new-lockpicking-club-rochester-toool/$" "$1/new-lockpicking-club-rochester-toool.html"
RedirectMatch 301 "^(.*)/2011/11/22/new-space/$" "$1/new-space.html"
RedirectMatch 301 "^(.*)/2013/02/09/new-spaces-galore/$" "$1/new-spaces-galore.html"
RedirectMatch 301 "^(.*)/2009/12/27/new-years-at-interlock/$" "$1/new-years-at-interlock.html"
RedirectMatch 301 "^(.*)/2010/11/08/november-lightning-talks/$" "$1/november-lightning-talks.html"
RedirectMatch 301 "^(.*)/2012/03/15/open-house-new-space/$" "$1/open-house-new-space.html"
RedirectMatch 301 "^(.*)/2010/04/17/open-mate-beta-2/$" "$1/open-mate-beta-2.html"
RedirectMatch 301 "^(.*)/2012/02/24/pencil-plotting/$" "$1/pencil-plotting.html"
RedirectMatch 301 "^(.*)/2015/03/28/pirate-box-aaarrr/$" "$1/pirate-box-aaarrr.html"
RedirectMatch 301 "^(.*)/2011/09/13/plottopotamus-2/$" "$1/plottopotamus-2.html"
RedirectMatch 301 "^(.*)/2011/09/13/plottopotamus/$" "$1/plottopotamus.html"
RedirectMatch 301 "^(.*)/2012/03/21/quick-open-house-recap/$" "$1/quick-open-house-recap.html"
RedirectMatch 301 "^(.*)/2016/09/20/raspberry-pi-backup-server/$" "$1/raspberry-pi-backup-server.html"
RedirectMatch 301 "^(.*)/2014/06/24/raspberry-pi-ip-audio-announcement-ippivox/$" "$1/raspberry-pi-ip-audio-announcement-ippivox.html"
RedirectMatch 301 "^(.*)/2012/12/06/raspberry-pi-macgyver/$" "$1/raspberry-pi-macgyver.html"
RedirectMatch 301 "^(.*)/2012/11/26/raspberry-pi-workshop-with-rob-bishop/$" "$1/raspberry-pi-workshop-with-rob-bishop.html"
RedirectMatch 301 "^(.*)/2012/01/22/recycled-paper-origami/$" "$1/recycled-paper-origami.html"
RedirectMatch 301 "^(.*)/2010/12/28/regional-computer-recycling-recovery-tour/$" "$1/regional-computer-recycling-recovery-tour.html"
RedirectMatch 301 "^(.*)/2012/07/20/remote-control-hacking/$" "$1/remote-control-hacking.html"
RedirectMatch 301 "^(.*)/2013/01/16/repairing-an-arcade-monitor/$" "$1/repairing-an-arcade-monitor.html"
RedirectMatch 301 "^(.*)/2014/02/12/repairing-the-audio-on-a-pac-man-arcade-board/$" "$1/repairing-the-audio-on-a-pac-man-arcade-board.html"
RedirectMatch 301 "^(.*)/2010/11/01/rochester-2600-lock-pick-village/$" "$1/rochester-2600-lock-pick-village.html"
RedirectMatch 301 "^(.*)/2016/11/19/rochester-mini-maker-faire-2016-recap/$" "$1/rochester-mini-maker-faire-2016-recap.html"
RedirectMatch 301 "^(.*)/2010/10/16/rochester-security-summit-2010/$" "$1/rochester-security-summit-2010.html"
RedirectMatch 301 "^(.*)/2012/12/18/scotts-project-smorgasbord-1/$" "$1/scotts-project-smorgasbord-1.html"
RedirectMatch 301 "^(.*)/2014/11/17/see-you-at-mini-maker-faire-rochester/$" "$1/see-you-at-mini-maker-faire-rochester.html"
RedirectMatch 301 "^(.*)/2015/02/17/software-defined-radio-workshops/$" "$1/software-defined-radio-workshops.html"
RedirectMatch 301 "^(.*)/2011/08/24/squishy-circuits-2/$" "$1/squishy-circuits-2.html"
RedirectMatch 301 "^(.*)/2011/08/24/squishy-circuits/$" "$1/squishy-circuits.html"
RedirectMatch 301 "^(.*)/2012/11/23/ssh-port-forwarding-2/$" "$1/ssh-port-forwarding-2.html"
RedirectMatch 301 "^(.*)/2012/11/23/ssh-port-forwarding/$" "$1/ssh-port-forwarding.html"
RedirectMatch 301 "^(.*)/2013/12/03/tape-painting/$" "$1/tape-painting.html"
RedirectMatch 301 "^(.*)/2012/08/13/that-said-ill-be-there-9pm-bbc1/$" "$1/that-said-ill-be-there-9pm-bbc1.html"
RedirectMatch 301 "^(.*)/2013/12/21/the-best-chocolate-chip-cookies-ever/$" "$1/the-best-chocolate-chip-cookies-ever.html"
RedirectMatch 301 "^(.*)/2013/11/02/the-braaain-1-0/$" "$1/the-braaain-1-0.html"
RedirectMatch 301 "^(.*)/2011/02/14/the-return-of-the-lightning-talk/$" "$1/the-return-of-the-lightning-talk.html"
RedirectMatch 301 "^(.*)/2015/03/25/tidied-up-a-bit/$" "$1/tidied-up-a-bit.html"
RedirectMatch 301 "^(.*)/2012/05/16/twistypuzzle-2/$" "$1/twistypuzzle-2.html"
RedirectMatch 301 "^(.*)/2012/05/16/twistypuzzle/$" "$1/twistypuzzle.html"
RedirectMatch 301 "^(.*)/2014/01/12/unexpected-googling-win/$" "$1/unexpected-googling-win.html"
RedirectMatch 301 "^(.*)/2013/03/04/using-an-arduino-as-a-programmer-host/$" "$1/using-an-arduino-as-a-programmer-host.html"
RedirectMatch 301 "^(.*)/2012/12/07/vacuform_1/$" "$1/vacuform_1.html"
RedirectMatch 301 "^(.*)/2012/03/28/ynn-meet-interlock/$" "$1/ynn-meet-interlock.html"

